Individual,Sex,POINT_X,POINT_Y,Date,Time,Burst
Darnell,F,238570.9043,8684762.07,1983-06-19,15:10,1
Darnell,F,238608.2106,8684692.219,1983-06-19,15:30,1
Darnell,F,238594.7168,8684727.938,1983-06-19,16:20,1
Darnell,F,238497.8791,8684868.432,1983-06-19,18:00,1
Darnell,F,238497.8791,8684868.432,1983-06-20,6:00,2
Darnell,F,238696.317,8684792.232,1983-06-20,6:30,2
Darnell,F,238747.1171,8684820.013,1983-06-20,7:01,2
Darnell,F,238725.6858,8684880.339,1983-06-20,7:32,2
Darnell,F,238755.8484,8684913.676,1983-06-20,8:03,2
Darnell,F,238668.5357,8685026.389,1983-06-20,8:34,2
Darnell,F,238624.8794,8685081.158,1983-06-20,9:04,2
Darnell,F,238570.1105,8685108.939,1983-06-20,9:35,2
Darnell,F,238494.7041,8685119.258,1983-06-20,10:06,2
Darnell,F,238434.379,8685166.883,1983-06-20,10:37,2
Darnell,F,238494.8057,8685255.636,1983-06-20,11:08,2
Darnell,F,238526.9526,8685285.402,1983-06-20,11:38,2
Darnell,F,238600.7715,8685261.986,1983-06-20,12:09,2
Darnell,F,238635.2997,8685182.214,1983-06-20,12:40,2
Darnell,F,238730.153,8685103.633,1983-06-20,13:11,2
Darnell,F,238859.1376,8685122.286,1983-06-20,13:42,2
Darnell,F,238776.9844,8685014.997,1983-06-20,14:13,2
Darnell,F,238809.1313,8684938.4,1983-06-20,14:43,2
Darnell,F,238782.1437,8684928.875,1983-06-20,15:14,2
Darnell,F,238801.5642,8684896.014,1983-06-20,15:45,2
Darnell,F,238890.4644,8684854.739,1983-06-20,16:16,2
Darnell,F,238902.3706,8684896.808,1983-06-20,16:47,2
Darnell,F,238902.3706,8684896.808,1983-06-20,17:18,2
Darnell,F,238692.2911,8684784.478,1983-06-21,15:30,3
Darnell,F,238683.0306,8684778.525,1983-06-21,16:00,3
Darnell,F,238634.0826,8684762.65,1983-06-21,16:30,3
Darnell,F,238565.2908,8684740.822,1983-06-21,17:00,3
Darnell,F,238550.8819,8684715.937,1983-06-24,6:00,4
Darnell,F,238620.2029,8684694.77,1983-06-24,6:36,4
Darnell,F,238645.0737,8684667.253,1983-06-24,7:13,4
Darnell,F,238626.0237,8684622.803,1983-06-24,7:50,4
Darnell,F,238665.1821,8684670.428,1983-06-24,8:26,4
Darnell,F,238677.6893,8684735.259,1983-06-24,9:03,4
Darnell,F,238683.6425,8684784.207,1983-06-24,9:40,4
Darnell,F,238716.054,8684774.285,1983-06-24,10:16,4
Darnell,F,238749.7884,8684801.405,1983-06-24,10:53,4
Darnell,F,238722.6686,8684794.791,1983-06-24,11:30,4
Darnell,F,238731.2676,8684759.072,1983-06-24,12:06,4
Darnell,F,238626.0237,8684622.803,1983-06-24,12:43,4
Darnell,F,238807.9969,8684496.472,1983-06-24,13:20,4
Darnell,F,238913.8304,8684611.566,1983-06-24,13:56,4
Darnell,F,238841.7313,8684646.624,1983-06-24,14:33,4
Darnell,F,238851.6532,8684684.988,1983-06-24,15:10,4
Darnell,F,238821.6671,8684720.928,1983-06-24,15:46,4
Darnell,F,238792.8936,8684721.589,1983-06-24,16:23,4
Darnell,F,238787.9326,8684768.222,1983-06-24,17:00,4
Darnell,F,238786.4409,8684906.151,1983-08-02,13:24,5
Darnell,F,238834.6216,8684922.026,1983-08-02,14:02,5
Darnell,F,238809.6184,8684806.535,1983-08-02,14:41,5
Darnell,F,238735.0058,8684723.588,1983-08-02,15:19,5
Darnell,F,238632.2149,8684708.11,1983-08-02,15:58,5
Darnell,F,238594.9086,8684704.538,1983-08-02,16:36,5
Darnell,F,238545.696,8684714.857,1983-08-02,17:15,5
Darnell,F,238545.696,8684714.857,1983-08-03,5:51,6
Darnell,F,238622.6899,8684604.129,1983-08-03,7:05,6
Darnell,F,238620.7055,8684585.872,1983-08-03,8:19,6
Darnell,F,238627.8493,8684568.013,1983-08-03,9:33,6
Darnell,F,238670.315,8684553.328,1983-08-03,10:47,6
Darnell,F,238755.6433,8684550.55,1983-08-03,12:01,6
Darnell,F,238855.1004,8684610.875,1983-08-03,13:15,6
Darnell,F,238826.5253,8684579.522,1983-08-03,14:29,6
Darnell,F,238738.8158,8684640.244,1983-08-03,15:43,6
Darnell,F,238745.9595,8684624.766,1983-08-03,16:57,6
Darnell,F,238585.4916,8684692.477,1983-08-23,6:45,7
Darnell,F,238636.424,8684798.311,1983-08-23,7:17,7
Darnell,F,238611.2885,8684861.811,1983-08-23,7:49,7
Darnell,F,238638.9376,8685011.301,1983-08-23,8:21,7
Darnell,F,238675.1855,8685020.826,1983-08-23,8:53,7
Darnell,F,238633.9105,8685072.155,1983-08-23,9:25,7
Darnell,F,238758.2649,8685233.022,1983-08-23,9:57,7
Darnell,F,238810.1233,8685310.281,1983-08-23,10:30,7
Darnell,F,238628.6188,8685453.156,1983-08-23,11:02,7
Darnell,F,238524.9019,8685517.185,1983-08-23,11:34,7
Darnell,F,238485.7435,8685575.923,1983-08-23,12:06,7
Darnell,F,238384.2094,8685719.327,1983-08-23,12:38,7
Darnell,F,238373.9568,8685644.913,1983-08-23,13:10,7
Darnell,F,238273.8118,8685526.247,1983-08-23,13:42,7
Darnell,F,238396.0496,8685290.503,1983-08-23,14:15,7
Darnell,F,238654.2173,8685014.674,1983-08-23,14:47,7
Darnell,F,238767.3269,8684932.918,1983-08-23,15:19,7
Darnell,F,238783.2019,8684908.312,1983-08-23,15:51,7
Darnell,F,238786.9061,8684840.181,1983-08-23,16:23,7
Darnell,F,238776.3227,8684726.41,1983-08-23,16:55,7
Darnell,F,238603.0909,8684552.482,1983-08-23,17:28,7
Darnell,F,238638.8626,8684561.795,1983-08-23,18:00,7
Ellie,F,238848.8641,8685127.776,1983-06-21,12:00,8
Ellie,F,238765.8509,8685013.013,1983-06-21,12:49,8
Ellie,F,238800.2468,8684967.703,1983-06-21,13:38,8
Ellie,F,238789.002,8684938.929,1983-06-21,14:27,8
Ellie,F,238735.2253,8684928.809,1983-06-21,15:17,8
Emma,F,238686.7602,8685504.998,1983-07-12,15:30,9
Emma,F,238685.5695,8685474.041,1983-07-12,15:48,9
Emma,F,238687.157,8685447.848,1983-07-12,16:07,9
Emma,F,238682.7914,8685422.844,1983-07-12,16:25,9
Emma,F,238664.932,8685383.951,1983-07-12,16:44,9
Emma,F,238610.56,8685373.632,1983-07-12,17:02,9
Emma,F,238611.7506,8685382.76,1983-07-12,17:21,9
Emma,F,238613.0926,8685381.896,1983-07-13,6:00,10
Emma,F,238519.8268,8685376.736,1983-07-13,6:38,10
Emma,F,238449.1829,8685258.467,1983-07-13,7:16,10
Emma,F,238456.7235,8685255.689,1983-07-13,7:55,10
Emma,F,238449.1829,8685258.07,1983-07-13,8:33,10
Emma,F,238458.7079,8685312.046,1983-07-13,9:12,10
Emma,F,238497.6017,8685290.217,1983-07-13,9:50,10
Emma,F,238558.7206,8685250.927,1983-07-13,10:28,10
Emma,F,238616.2676,8685227.511,1983-07-13,11:07,10
Emma,F,238661.1145,8685180.68,1983-07-13,11:45,10
Emma,F,238674.2114,8685189.808,1983-07-13,12:24,10
Emma,F,238732.3934,8685131.467,1983-07-13,13:02,10
Emma,F,238736.7591,8685143.373,1983-07-13,13:40,10
Emma,F,238758.1904,8685148.533,1983-07-13,14:19,10
Emma,F,238792.3217,8685150.914,1983-07-13,14:57,10
Emma,F,238811.1071,8684943.745,1983-07-13,15:36,10
Ernie,M,238813.6136,8684856.674,1983-08-02,8:51,11
Ernie,M,238835.0449,8684924.936,1983-08-02,10:10,11
Ernie,M,238788.2136,8684905.886,1983-08-02,11:30,11
Ernie,M,238835.5741,8684921.1,1983-08-02,14:00,11
Ernie,M,238687.6188,8684895.171,1983-08-02,15:13,11
Ernie,M,238641.052,8685003.65,1983-08-02,16:27,11
Ernie,M,238708.3357,8685134.597,1983-08-22,7:39,12
Ernie,M,238660.0491,8685180.238,1983-08-22,8:23,12
Ernie,M,238428.5383,8685185.53,1983-08-22,9:07,12
Ernie,M,238552.7273,8685135.259,1983-08-22,9:51,12
Ernie,M,238552.0659,8685156.095,1983-08-22,10:35,12
Ernie,M,238552.7273,8685135.259,1983-08-22,11:19,12
Ernie,M,238477.6516,8685072.089,1983-08-22,12:03,12
FFM,M,238621.4265,8684609.619,1983-08-27,5:45,13
FFM,M,238618.2515,8684635.548,1983-08-27,6:01,13
FFM,M,238609.2557,8684729.74,1983-08-27,6:18,13
FFM,M,238638.889,8684801.707,1983-08-27,6:35,13
FFM,M,238720.91,8684808.586,1983-08-27,6:52,13
FFM,M,238785.4685,8684910.715,1983-08-27,7:09,13
FFM,M,238674.1228,8685017.872,1983-08-27,7:26,13
FFM,M,238683.3832,8685085.34,1983-08-27,7:43,13
FFM,M,238760.1126,8685179.929,1983-08-27,8:00,13
FFM,M,238758.7896,8685252.028,1983-08-27,8:17,13
FFM,M,238791.2012,8685318.174,1983-08-27,8:34,13
FFM,M,238668.8311,8685443.19,1983-08-27,8:51,13
FFM,M,238626.189,8685447.82,1983-08-27,9:00,13
FFM,M,238687.5725,8685454.17,1983-08-27,10:54,13
FFM,M,238712.9725,8685528.783,1983-08-27,10:57,13
FFM,M,238672.7558,8685700.233,1983-08-27,11:28,13
FFM,M,238594.9681,8685723.517,1983-08-27,12:00,13
FFM,M,238382.7719,8685719.283,1983-08-27,12:31,13
FFM,M,238377.4802,8685647.846,1983-08-27,13:03,13
FFM,M,238385.9469,8685631.442,1983-08-27,13:34,13
FFM,M,238229.8424,8685579.054,1983-08-27,14:06,13
FFM,M,238203.384,8685585.404,1983-08-27,14:37,13
FFM,M,238167.9298,8685584.346,1983-08-27,15:09,13
FFM,M,238688.2606,8685299.733,1983-09-14,15:45,14
FFM,M,238879.9516,8685290.605,1983-09-14,15:57,14
FFM,M,238979.1706,8685327.911,1983-09-14,16:10,14
FFM,M,238942.658,8685180.273,1983-09-14,16:23,14
FFM,M,238867.2516,8685142.967,1983-09-14,16:36,14
FFM,M,238760.8889,8685084.229,1983-09-14,16:49,14
FFM,M,238790.2577,8684911.191,1983-09-14,17:01,14
FFM,M,238664.845,8685026.285,1983-09-14,17:14,14
FFM,M,238876.7766,8684972.31,1983-09-14,17:27,14
FFM,M,238939.483,8684980.248,1983-09-14,17:40,14
FFM,M,239134.7459,8685056.448,1983-09-14,17:53,14
FFM,M,239167.2897,8685137.411,1983-09-14,18:06,14
FFM,M,239162.8182,8685139.104,1983-09-15,5:36,15
FFM,M,239127.8932,8685054.569,1983-09-15,5:44,15
FFM,M,239125.9088,8685157.36,1983-09-15,5:52,15
FFM,M,239147.737,8685161.329,1983-09-15,6:00,15
FFM,M,239148.9276,8685185.142,1983-09-15,6:09,15
Harriet,F,238597.8786,8685520.316,1983-08-25,7:39,16
Harriet,F,238523.1336,8685527.195,1983-08-25,8:07,16
Harriet,F,238506.068,8685538.308,1983-08-25,8:35,16
Harriet,F,238485.4304,8685574.424,1983-08-25,9:03,16
Harriet,F,238460.8241,8685576.011,1983-08-25,9:31,16
Harriet,F,238439.7897,8685631.574,1983-08-25,10:00,16
Harriet,F,238397.7209,8685717.299,1983-08-25,10:51,16
Harriet,F,238380.6552,8685717.299,1983-08-25,11:42,16
Harriet,F,238386.6083,8685631.971,1983-08-25,12:33,16
Harriet,F,238378.6708,8685645.068,1983-08-25,13:24,16
Harriet,F,238207.0882,8685416.864,1983-08-25,16:42,16
Harriet,F,238203.9132,8685302.564,1983-08-25,16:54,16
Harriet,F,238137.7672,8685430.093,1983-08-25,17:06,16
Harriet,F,238626.189,8685447.82,1983-08-27,9:00,17
Harriet,F,238687.5725,8685454.17,1983-08-27,10:54,17
Harriet,F,238712.9725,8685528.783,1983-08-27,10:57,17
Harriet,F,238672.7558,8685700.233,1983-08-27,11:28,17
Harriet,F,238594.9681,8685723.517,1983-08-27,12:00,17
Harriet,F,238382.7719,8685719.283,1983-08-27,12:31,17
Harriet,F,238377.4802,8685647.846,1983-08-27,13:03,17
Harriet,F,238385.9469,8685631.442,1983-08-27,13:34,17
Harriet,F,238229.8424,8685579.054,1983-08-27,14:06,17
Harriet,F,238203.384,8685585.404,1983-08-27,14:37,17
Harriet,F,238167.9298,8685584.346,1983-08-27,15:09,17
Jody,F,238757.9189,8684548.092,1983-09-15,15:36,18
Jody,F,238745.9994,8684551.704,1983-09-15,15:57,18
Jody,F,238732.4395,8684597.344,1983-09-15,16:18,18
Jody,F,238717.5567,8684602.967,1983-09-15,16:39,18
Jody,F,238678.5306,8684603.628,1983-09-15,17:00,18
Jody,F,238668.2779,8684590.068,1983-09-15,17:21,18
Jody,F,238650.0878,8684565.594,1983-09-15,17:42,18
Jody,F,238629.1857,8684610.97,1983-09-16,5:48,19
Jody,F,238583.9418,8684734.928,1983-09-16,6:10,19
Jody,F,238486.3104,8684860.341,1983-09-16,6:33,19
Jody,F,238434.7165,8684995.278,1983-09-16,6:55,19
Jody,F,238484.0614,8685081.268,1983-09-16,7:18,19
Jody,F,238452.5363,8685230.149,1983-09-16,7:41,19
Jody,F,238500.5847,8685273.33,1983-09-16,8:03,19
Jody,F,238592.0712,8685282.431,1983-09-16,8:26,19
Jody,F,238623.4905,8685420.676,1983-09-16,8:49,19
Jody,F,238631.428,8685450.773,1983-09-16,9:11,19
Jody,F,238642.5075,8685446.473,1983-09-16,9:34,19
Jody,F,238757.6014,8685359.161,1983-09-16,9:57,19
Jody,F,238779.4296,8685357.507,1983-09-16,10:19,19
Jody,F,238818.7865,8685334.356,1983-09-16,10:42,19
Jody,F,238840.9454,8685296.983,1983-09-16,11:05,19
Jody,F,238881.9559,8685298.968,1983-09-16,11:27,19
Jody,F,238955.874,8685306.575,1983-09-16,11:50,19
Jody,F,238974.0641,8685327.41,1983-09-16,12:13,19
Jody,F,238962.4886,8685276.809,1983-09-16,12:35,19
Jody,F,238922.4703,8685248.697,1983-09-16,12:58,19
Jody,F,238852.6863,8685003.957,1983-09-16,13:21,19
Jody,F,238759.3675,8684555.566,1983-09-16,14:54,19
Jody,F,238746.9321,8684558.477,1983-09-16,15:27,19
Jody,F,238759.3675,8684555.566,1983-09-16,16:00,19
Lech,M,238851.4562,8684745.836,1983-07-13,16:30,20
Lech,M,238889.1594,8684751.392,1983-07-13,16:52,20
Lech,M,238947.1032,8684867.28,1983-07-13,17:15,20
Lech,M,239013.5402,8684904.19,1983-07-13,17:37,20
Lech,M,238958.7714,8684917.683,1983-07-13,18:00,20
Lech,M,238958.7714,8684917.683,1983-07-14,6:00,21
Lech,M,239130.8567,8684956.18,1983-07-14,6:52,21
Lech,M,239109.8223,8685006.187,1983-07-14,7:45,21
Lech,M,239051.4816,8685031.19,1983-07-14,8:37,21
Lech,M,238945.9126,8685102.627,1983-07-14,9:30,21
Lech,M,238832.9353,8685223.225,1983-07-14,10:22,21
Lech,M,238827.1145,8685297.837,1983-07-14,11:15,21
Lech,M,238662.0141,8685285.667,1983-07-14,12:07,21
Lech,M,238581.0515,8685289.9,1983-07-14,13:00,21
Lech,M,238596.4564,8685365.341,1983-07-30,10:18,22
Lech,M,238425.0325,8685024.169,1983-07-30,10:33,22
Lech,M,238378.4129,8685027.291,1983-07-30,10:49,22
Lech,M,238197.4375,8685308.279,1983-07-30,11:04,22
Lech,M,238204.8458,8685446.392,1983-07-30,11:20,22
Lech,M,238186.325,8685556.458,1983-07-30,11:36,22
Lech,M,238204.3167,8685583.975,1983-07-30,11:51,22
Lech,M,238167.8041,8685581.859,1983-07-30,12:07,22
Lech,M,238037.0997,8685528.942,1983-07-30,12:22,22
Lech,M,237925.9744,8685535.821,1983-07-30,12:38,22
Lech,M,237870.941,8685549.579,1983-07-30,12:54,22
Lech,M,237857.7118,8685563.867,1983-07-30,13:09,22
Lech,M,237671.9739,8685527.883,1983-07-30,13:25,22
Lech,M,237755.5824,8685542.7,1983-07-30,13:41,22
Lech,M,237878.1377,8685438.983,1983-07-30,13:56,22
Lech,M,237925.2336,8685422.05,1983-07-30,14:12,22
Lech,M,238001.4338,8685396.121,1983-07-30,14:27,22
Lech,M,238052.6572,8685332.091,1983-07-30,14:43,22
Lech,M,238152.6699,8685310.925,1983-07-30,14:59,22
Lech,M,238252.6826,8685252.716,1983-07-30,15:14,22
Lech,M,238253.7409,8685211.441,1983-07-30,15:30,22
Lech,M,238390.2662,8685055.337,1983-07-30,15:45,22
Lech,M,238378.4129,8685027.291,1983-07-30,16:01,22
Lech,M,238680.2501,8684897.115,1983-07-30,16:17,22
Lech,M,238621.5125,8684607.132,1983-07-30,16:32,22
Lech,M,238665.7509,8684637.294,1983-07-30,16:48,22
Lech,M,238719.726,8684694.444,1983-07-30,17:04,22
Lech,M,238723.9594,8684727.253,1983-07-30,17:19,22
Lech,M,238729.2511,8684643.115,1983-07-30,17:35,22
Lech,M,238731.3677,8684632.532,1983-07-30,17:51,22
Lech,M,238439.7897,8685631.574,1983-08-25,10:00,23
Lech,M,238397.7209,8685717.299,1983-08-25,10:51,23
Lech,M,238380.6552,8685717.299,1983-08-25,11:42,23
Lech,M,238386.6083,8685631.971,1983-08-25,12:33,23
Lech,M,238378.6708,8685645.068,1983-08-25,13:24,23
Lola,F,238707.8409,8684877.347,1983-06-22,8:06,24
Lola,F,238734.8284,8684927.751,1983-06-22,8:29,24
Lola,F,238701.8877,8684890.444,1983-06-22,8:53,24
Lola,F,238808.2504,8684865.838,1983-06-22,9:16,24
Lola,F,238874.9256,8684854.329,1983-06-22,9:40,24
Lola,F,238920.5663,8684836.866,1983-06-22,10:03,24
Lola,F,238886.435,8684765.428,1983-06-22,10:27,24
Lola,F,238936.8382,8684703.119,1983-06-22,10:51,24
Lola,F,238734.6221,8684835.467,1983-07-31,14:51,25
Lola,F,238805.0014,8684731.221,1983-07-31,16:22,25
Lola,F,238843.3132,8684758.738,1983-07-31,17:54,25
Lola,F,238843.3132,8684758.738,1983-08-01,5:54,26
Lola,F,238835.3756,8684925.426,1983-08-01,6:46,26
Lola,F,238900.4633,8684988.926,1983-08-01,7:38,26
Lola,F,238794.1006,8685321.773,1983-08-01,8:30,26
Lola,F,238774.5214,8685381.039,1983-08-01,9:22,26
Lola,F,238757.0588,8685433.427,1983-08-01,10:15,26
Maggie,F,238806.1592,8684913.811,1983-09-15,8:00,27
Maggie,F,238745.3159,8685179.151,1983-09-15,8:20,27
Maggie,F,238830.5119,8685277.047,1983-09-15,8:40,27
Maggie,F,238818.0765,8685325.466,1983-09-15,9:00,27
Maggie,F,238753.7826,8685345.045,1983-09-15,9:20,27
Maggie,F,238669.1158,8685433.945,1983-09-15,9:40,27
Maggie,F,238627.047,8685446.645,1983-09-15,10:00,27
Maggie,F,238656.9449,8685459.874,1983-09-15,10:21,27
Maggie,F,238703.8843,8685374.096,1983-09-17,8:33,28
Maggie,F,238686.2895,8685437.596,1983-09-17,8:42,28
Maggie,F,238624.6414,8685610.37,1983-09-17,8:51,28
Maggie,F,238679.1457,8685635.77,1983-09-17,9:00,28
Maggie,F,238677.8184,8685636.331,1983-09-18,12:54,29
Maggie,F,238659.2975,8685700.889,1983-09-18,13:26,29
Maggie,F,238594.3422,8685724.173,1983-09-18,13:58,29
Maggie,F,238544.0712,8685704.064,1983-09-18,14:30,29
Maggie,F,238402.2543,8685649.56,1983-09-18,15:02,29
Maggie,F,238385.0563,8685630.51,1983-09-18,15:34,29
Maggie,F,238230.0102,8685550.341,1983-09-18,16:06,29
Male,M,238729.7131,8684727.813,1983-06-22,12:39,30
Male,M,238630.4942,8684634.548,1983-06-22,14:21,30
Male,M,238838.5563,8684446.362,1983-06-22,16:03,30
Male,M,239240.4592,8684990.611,1983-06-22,17:45,30
Male,M,239195.6122,8684956.083,1983-06-23,6:21,31
Male,M,239204.3435,8685002.518,1983-06-23,6:43,31
Male,M,239141.399,8685136.609,1983-06-23,7:06,31
Male,M,239060.7009,8685278.637,1983-06-23,7:28,31
Male,M,238822.3109,8685304.567,1983-06-23,7:51,31
Male,M,238776.2733,8685302.185,1983-06-23,8:13,31
Male,M,238757.2232,8685253.766,1983-06-23,8:36,31
Male,M,238760.3983,8685220.429,1983-06-23,8:58,31
Male,M,238773.0983,8685141.848,1983-06-23,9:21,31
Male,M,238835.0109,8685075.172,1983-06-23,9:43,31
Male,M,238827.0734,8685104.541,1983-06-23,10:06,31
Male2,M,238734.2,8684676.123,1983-07-11,16:21,32
Male2,M,238752.1917,8684564.997,1983-07-11,18:00,32
Male2,M,238752.1917,8684564.997,1983-07-12,6:00,33
Male2,M,238645.829,8684545.947,1983-07-12,7:16,33
Male2,M,238630.4832,8684632.731,1983-07-12,8:33,33
Male3,M,238746.1518,8684558.59,1983-07-13,16:57,34
Male3,M,238721.8101,8684470.748,1983-07-13,17:18,34
Male3,M,238755.6768,8684464.398,1983-07-13,17:39,34
Male3,M,238780.0185,8684409.365,1983-07-13,18:00,34
Male3,M,238780.0185,8684409.365,1983-07-14,6:00,35
Male3,M,238747.2101,8684558.59,1983-07-14,7:09,35
Male4,M,238790.7602,8684903.571,1983-08-26,14:18,36
Male4,M,238762.7143,8684876.055,1983-08-26,14:36,36
Male4,M,238792.3477,8684836.367,1983-08-26,14:54,36
Male4,M,238815.1019,8684805.146,1983-08-26,15:12,36
Male4,M,238803.4602,8684791.388,1983-08-26,15:30,36
Male4,M,238728.8476,8684791.917,1983-08-26,15:48,36
Male4,M,238639.9474,8684791.917,1983-08-26,16:06,36
Male5,M,238712.9725,8685528.783,1983-08-27,10:57,37
Male5,M,238672.7558,8685700.233,1983-08-27,11:28,37
Male5,M,238594.9681,8685723.517,1983-08-27,12:00,37
Male5,M,238382.7719,8685719.283,1983-08-27,12:31,37
Male5,M,238377.4802,8685647.846,1983-08-27,13:03,37
Male5,M,238385.9469,8685631.442,1983-08-27,13:34,37
Male5,M,238229.8424,8685579.054,1983-08-27,14:06,37
Male5,M,238203.384,8685585.404,1983-08-27,14:37,37
Male5,M,238167.9298,8685584.346,1983-08-27,15:09,37
Michelle,F,238833.7617,8684925.691,1983-07-31,7:51,38
Michelle,F,238786.9303,8684907.567,1983-07-31,8:25,38
Michelle,F,238771.8491,8684904.788,1983-07-31,8:59,38
Michelle,F,238767.4834,8684933.363,1983-07-31,9:34,38
Michelle,F,238649.6113,8685004.007,1983-07-31,10:08,38
Michelle,F,238639.2925,8685009.564,1983-07-31,10:43,38
Michelle,F,238570.633,8685067.111,1983-07-31,11:17,38
Michelle,F,238573.0143,8685083.779,1983-07-31,11:51,38
Michelle,F,238601.1925,8685049.648,1983-07-31,12:26,38
Michelle,F,238638.8957,8685009.167,1983-07-31,13:00,38
Michelle,F,238684.1395,8684894.867,1983-07-31,13:35,38
Michelle,F,238692.4739,8684869.07,1983-07-31,14:09,38
Michelle,F,238833.7617,8684925.691,1983-07-31,14:44,38
Michelle,F,238885.1968,8684969.082,1983-07-31,15:18,38
Michelle,F,238996.1633,8684879.388,1983-07-31,15:52,38
Michelle,F,239017.1977,8684903.995,1983-07-31,16:27,38
Michelle,F,239006.0851,8684912.726,1983-07-31,17:01,38
Michelle,F,238954.0944,8684895.263,1983-07-31,17:36,38
Molly,F,238732.2146,8685104.482,1983-07-10,8:00,39
Molly,F,238779.8397,8685299.745,1983-07-10,8:49,39
Molly,F,238755.2874,8685430.072,1983-07-10,9:38,39
Molly,F,238689.6706,8685472.405,1983-07-10,10:27,39
Molly,F,238666.3872,8685347.522,1983-07-10,11:17,39
Molly,F,238612.4121,8685223.697,1983-07-10,12:06,39
Molly,F,238667.4455,8685184.538,1983-07-10,12:55,39
Molly,F,238856.8876,8684961.229,1983-07-10,13:44,39
Molly,F,238761.6374,8684747.446,1983-07-10,14:34,39
Molly,F,238737.2957,8684660.662,1983-07-10,15:23,39
Molly,F,238823.0208,8684580.229,1983-07-10,16:12,39
Molly,F,238835.7209,8684550.595,1983-07-10,17:01,39
Molly,F,238852.9188,8684515.141,1983-07-10,17:51,39
Molly,F,238853.4744,8684514.479,1983-07-11,6:03,40
Molly,F,238892.7651,8684512.495,1983-07-11,6:39,40
Molly,F,238831.2494,8684491.328,1983-07-11,7:15,40
Molly,F,238745.2596,8684511.172,1983-07-11,7:51,40
Molly,F,238746.1195,8684565.787,1983-07-11,8:27,40
Molly,F,238639.6245,8684614.404,1983-07-11,9:03,40
Molly,F,238613.6556,8684614.933,1983-07-11,9:39,40
Molly,F,238623.5775,8684605.408,1983-07-11,10:16,40
Molly,F,238635.0869,8684505.792,1983-07-11,10:52,40
Molly,F,238795.4247,8684510.952,1983-07-11,11:28,40
Molly,F,238808.5216,8684512.936,1983-07-11,12:04,40
Molly,F,239063.3159,8684584.374,1983-07-11,12:40,40
Molly,F,239055.7753,8684482.377,1983-07-11,13:16,40
Molly,F,238916.8687,8684576.039,1983-07-11,13:52,40
Molly,F,238895.0406,8684631.205,1983-07-11,14:29,40
Molly,F,238849.003,8684658.589,1983-07-11,15:05,40
Molly,F,238804.9498,8684640.73,1983-07-11,15:41,40
Molly,F,238710.0964,8684676.449,1983-07-11,16:17,40
Molly,F,238740.6559,8684602.63,1983-07-11,16:53,40
Molly,F,238746.1195,8684565.787,1983-07-11,17:30,40
Molly,F,238785.6339,8684839.648,1983-08-23,16:57,41
Molly,F,238776.7042,8684725.215,1983-08-23,17:18,41
Molly,F,238602.9056,8684552.244,1983-08-23,17:39,41
Molly,F,238639.6167,8684561.173,1983-08-23,18:00,41
Molly,F,238235.7955,8685462.24,1983-08-24,4:00,42
Molly,F,238639.4182,8684563.29,1983-08-24,5:42,42
Molly,F,238949.7751,8684947.889,1983-08-24,5:45,42
Molly,F,238621.9557,8684612.503,1983-08-24,6:02,42
Molly,F,238604.4931,8684710.399,1983-08-24,6:23,42
Molly,F,238634.6557,8684800.357,1983-08-24,6:44,42
Molly,F,238684.9266,8684799.828,1983-08-24,7:05,42
Molly,F,238723.0267,8684813.057,1983-08-24,7:26,42
Molly,F,238952.9501,8684847.083,1983-08-24,7:30,42
Molly,F,238722.4975,8684877.086,1983-08-24,7:47,42
Molly,F,238747.8976,8684927.357,1983-08-24,8:08,42
Molly,F,238784.4102,8684952.757,1983-08-24,8:28,42
Molly,F,238874.8979,8685160.191,1983-08-24,8:49,42
Molly,F,238756.8935,8685160.191,1983-08-24,9:10,42
Molly,F,238839.4436,8684760.564,1983-08-24,9:15,42
Molly,F,238813.5144,8685313.121,1983-08-24,9:31,42
Molly,F,238789.7019,8685459.171,1983-08-24,9:52,42
Molly,F,238737.3142,8685498.329,1983-08-24,10:13,42
Molly,F,238723.0267,8685490.392,1983-08-24,10:34,42
Molly,F,238718.2642,8685499.917,1983-08-24,10:55,42
Molly,F,238825.1561,8684718.495,1983-08-24,11:00,42
Molly,F,238671.6974,8685631.15,1983-08-24,11:15,42
Molly,F,238595.4973,8685726.401,1983-08-24,11:36,42
Molly,F,238380.6552,8685722.167,1983-08-24,11:57,42
Molly,F,238342.5551,8685694.651,1983-08-24,12:18,42
Molly,F,238301.8092,8685662.371,1983-08-24,12:39,42
Molly,F,238848.1749,8684668.489,1983-08-24,12:45,42
Molly,F,238143.0589,8685538.546,1983-08-24,13:00,42
Molly,F,238235.6632,8685461.288,1983-08-24,13:21,42
Molly,F,238914.85,8684662.139,1983-08-24,14:30,42
Molly,F,238920.4063,8684654.201,1983-08-24,16:15,42
Molly,F,238871.9874,8684515.295,1983-08-24,18:00,42
Molly,F,238674.833,8684846.716,1983-09-14,6:00,43
Molly,F,238755.0681,8684920.32,1983-09-14,6:23,43
Molly,F,238713.793,8685109.232,1983-09-14,6:47,43
Molly,F,238762.4764,8685154.741,1983-09-14,7:10,43
Molly,F,238763.0056,8685178.024,1983-09-14,7:34,43
Molly,F,238836.0307,8685289.679,1983-09-14,7:57,43
Molly,F,238677.2804,8685437.316,1983-09-14,8:21,43
Molly,F,238629.6553,8685445.783,1983-09-14,8:44,43
Molly,F,238784.1723,8685436.258,1983-09-14,9:08,43
Molly,F,238818.039,8685427.791,1983-09-14,9:32,43
Molly,F,238784.1723,8685436.258,1983-09-14,9:55,43
Molly,F,238751.8931,8685521.983,1983-09-14,10:19,43
Molly,F,238692.0971,8685632.05,1983-09-14,10:42,43
Molly,F,238620.1303,8685609.296,1983-09-14,11:06,43
Molly,F,238666.697,8685609.296,1983-09-14,11:30,43
Red,M,238670.0769,8685271.277,1983-08-01,12:42,44
Red,M,238589.3788,8685225.636,1983-08-01,13:25,44
Red,M,238585.0793,8685359.912,1983-08-01,14:08,44
Red,M,238565.5662,8685356.274,1983-08-01,14:51,44
Red,M,238602.9387,8685351.975,1983-08-01,15:34,44
Red,M,238598.97,8685365.204,1983-08-01,16:17,44
Red,M,238638.6575,8685352.967,1983-08-01,17:00,44
Spike,M,238892.0519,8684863.854,1983-06-21,6:10,45
Spike,M,238767.6975,8684888.328,1983-06-21,7:05,45
Spike,M,238715.4421,8684863.854,1983-06-21,8:01,45
Spike,M,238704.8588,8684841.364,1983-06-21,8:56,45
Spike,M,238715.4421,8684863.192,1983-06-21,9:52,45
Spike,M,238852.3643,8685109.917,1983-06-21,10:48,45
Spike,M,238692.2911,8684784.478,1983-06-21,15:30,45
Spike,M,238683.0306,8684778.525,1983-06-21,16:00,45
Spike,M,238634.0826,8684762.65,1983-06-21,16:30,45
Spike,M,238565.2908,8684740.822,1983-06-21,17:00,45
Tilly,F,237923.9835,8685361.037,1983-08-27,16:21,46
Tilly,F,238036.167,8685347.278,1983-08-27,17:51,46
Tilly,F,238035.3733,8685347.278,1983-08-28,5:42,47
Tilly,F,238211.0569,8685352.57,1983-08-28,6:08,47
Tilly,F,238225.3445,8685385.379,1983-08-28,6:35,47
Tilly,F,238247.5695,8685395.962,1983-08-28,7:01,47
Tilly,F,238498.9242,8685254.674,1983-08-28,7:28,47
Tilly,F,238461.3533,8685295.949,1983-08-28,7:54,47
Tilly,F,238494.6908,8685268.962,1983-08-28,8:21,47
Tilly,F,238632.2745,8685205.462,1983-08-28,8:47,47
Tilly,F,238678.8412,8685218.162,1983-08-28,9:14,47
Tilly,F,238671.4329,8685255.203,1983-08-28,9:40,47
Tilly,F,238826.479,8685293.303,1983-08-28,10:07,47
Tilly,F,238667.7287,8685443.587,1983-08-28,10:33,47
Tilly,F,238623.2786,8685448.879,1983-08-28,11:00,47
Tilly,F,238627.9752,8684611.288,1983-09-16,16:42,48
Tilly,F,238641.0456,8684799.156,1983-09-16,16:52,48
Tilly,F,238688.9353,8684793.864,1983-09-16,17:03,48
Tilly,F,238725.8448,8684810.797,1983-09-16,17:13,48
Tilly,F,238726.9031,8684873.504,1983-09-16,17:24,48
Tilly,F,238789.0803,8684913.456,1983-09-16,17:34,48
Tilly,F,238706.7947,8685008.177,1983-09-16,17:45,48
Tuffy,M,238035.3733,8685347.278,1983-08-28,5:42,49
Tuffy,M,238211.0569,8685352.57,1983-08-28,6:08,49
Tuffy,M,238225.3445,8685385.379,1983-08-28,6:35,49
Tuffy,M,238247.5695,8685395.962,1983-08-28,7:01,49
Tuffy,M,238498.9242,8685254.674,1983-08-28,7:28,49
Tuffy,M,238461.3533,8685295.949,1983-08-28,7:54,49
Tuffy,M,238494.6908,8685268.962,1983-08-28,8:21,49
Tuffy,M,238632.2745,8685205.462,1983-08-28,8:47,49
Tuffy,M,238678.8412,8685218.162,1983-08-28,9:14,49
Tuffy,M,238671.4329,8685255.203,1983-08-28,9:40,49
Tuffy,M,238826.479,8685293.303,1983-08-28,10:07,49
Tuffy,M,238667.7287,8685443.587,1983-08-28,10:33,49
Tuffy,M,238623.2786,8685448.879,1983-08-28,11:00,49
WEF,M,238790.6678,8684909.222,1983-09-17,5:33,50
WEF,M,238852.5804,8685001.562,1983-09-17,5:50,50
WEF,M,238761.0344,8685159.254,1983-09-17,6:08,50
WEF,M,238762.3573,8685204.233,1983-09-17,6:25,50
WEF,M,238832.2075,8685291.282,1983-09-17,6:43,50
WEF,M,238883.5368,8685298.955,1983-09-17,7:01,50
WEF,M,238832.4721,8685291.282,1983-09-17,7:18,50
WEF,M,238756.0073,8685350.813,1983-09-17,7:36,50
WEF,M,238702.5614,8685372.773,1983-09-17,7:54,50
WEF,M,238703.8843,8685374.096,1983-09-17,7:57,50
WEF,M,238686.2895,8685437.596,1983-09-17,8:06,50
WEF,M,238624.6414,8685610.37,1983-09-17,8:15,50
WEF,M,238679.1457,8685635.77,1983-09-17,8:24,50
WEF,M,238678.6166,8685636.034,1983-09-17,9:03,50
WEF,M,238690.7874,8685635.241,1983-09-17,9:31,50
WEF,M,238493.937,8685579.678,1983-09-17,10:00,50
WEF,M,238398.9514,8685544.753,1983-09-17,10:28,50
WEF,M,238138.3363,8685549.515,1983-09-17,10:57,50
